Name,Type,Time
\.gitignore,file,1546229549
\AFSTclient.py,file,1546229549
\README.md,file,1546229549
\TCP_connecter.py,file,1546229549
\TCP_connecter_server.py,file,1546229549
\.git,folder,1546229549
\.git\config,file,1546229549
\.git\description,file,1546229549
\.git\HEAD,file,1546229549
\.git\index,file,1546229549
\.git\packed-refs,file,1546229549
\.git\hooks,folder,1546229549
\.git\hooks\applypatch-msg.sample,file,1546229549
\.git\hooks\commit-msg.sample,file,1546229549
\.git\hooks\post-update.sample,file,1546229549
\.git\hooks\pre-applypatch.sample,file,1546229549
\.git\hooks\pre-commit.sample,file,1546229549
\.git\hooks\pre-push.sample,file,1546229549
\.git\hooks\pre-rebase.sample,file,1546229549
\.git\hooks\prepare-commit-msg.sample,file,1546229549
\.git\hooks\update.sample,file,1546229549
\.git\info,folder,1546229549
\.git\info\exclude,file,1546229549
\.git\logs,folder,1546229549
\.git\logs\HEAD,file,1546229549
\.git\logs\refs,folder,1546229549
\.git\logs\refs\heads,folder,1546229549
\.git\logs\refs\heads\master,file,1546229549
\.git\logs\refs\remotes,folder,1546229549
\.git\logs\refs\remotes\origin,folder,1546229549
\.git\logs\refs\remotes\origin\HEAD,file,1546229549
\.git\objects,folder,1546229549
\.git\objects\info,folder,1546229549
\.git\objects\pack,folder,1546229549
\.git\objects\pack\pack-bd434d71599ebd5c7b9a8e0d5bebc2e2c74a04f9.idx,file,1546229549
\.git\objects\pack\pack-bd434d71599ebd5c7b9a8e0d5bebc2e2c74a04f9.pack,file,1546229549
\.git\refs,folder,1546229549
\.git\refs\heads,folder,1546229549
\.git\refs\heads\master,file,1546229549
\.git\refs\remotes,folder,1546229549
\.git\refs\remotes\origin,folder,1546229549
\.git\refs\remotes\origin\HEAD,file,1546229549
\.git\refs\tags,folder,1546229549
\AFST_cache,folder,1546229549
\AFST_cache\imf.csv,file,1546229549
\__pycache__,folder,1546229549
\__pycache__\TCP_connecter.cpython-36.pyc,file,1546229549
